Name,Basin,Level,Lat,Eye,Time,FL,MSLP,MIN8,MAX8,DIFF8,MIN9,MAX9,DIFF9,,,,ES
Harvey,ATL,N/A,25.35,20(10),8/25/2017 4:19,103,967,-84.7,-58.9,25.8,-86.4,-58.1,28.2,,,,10
Harvey,ATL,N/A,25.47,20(10),8/25/2017 5:04,103,968,-78.8,-61.8,16.9,-79.9,-61.3,18.6,,,,10
Harvey,ATL,700,25.45,20,8/25/2017 4:48,97,968,-82.1,-57.5,24.6,-83.1,-57.1,26.1,,,,20
Harvey,ATL,N/A,25.58,20(10),8/25/2017 6:03,103,967,-75.1,-56.3,18.8,-77.9,-55.3,22.7,,,,10
Harvey,ATL,700,25.95,12,8/25/2017 8:49,96,958,-78.8,-59.3,19.4,,,,,,,12
Harvey,ATL,700,26.1,11,8/25/2017 9:56,96,953,-77.8,-66.3,11.5,,,,,,,11
Harvey,ATL,700,26.3,12,8/25/2017 11:22,96,951,-79.1,-68.3,10.8,,,,,,,12
Harvey,ATL,700,26.42,28(12),8/25/2017 13:00,104,949,-79.9,-55.5,24.3,-84.4,-48.7,35.7,,,,12
Harvey,ATL,700,26.58,28(12),8/25/2017 14:14,104,949,-78.1,-38,40.1,-79.3,-30.8,48.5,,,,12
Harvey,ATL,700,26.75,18,8/25/2017 15:15,112,947,-77.2,-52.1,25,-77.9,-49.6,28.3,,,,18
Harvey,ATL,700,26.92,15,8/25/2017 16:56,107,947,-74.8,-40.2,34.6,-75.7,-32.7,43,,,,15
Harvey,ATL,700,27.13,18,8/25/2017 18:16,113,944,-79.9,-35.7,44.1,-80.9,-28.8,52.1,,,,18
Harvey,ATL,700,27.17,16(8),8/25/2017 18:35,117,944,-78.8,-37.2,41.6,-79.9,-28.6,51.3,,,,8
Harvey,ATL,700,27.33,15,8/25/2017 19:54,117,942,-77.5,-35.4,42.1,-78.4,-27.4,50.9,,,,15
Harvey,ATL,700,27.47,18,8/25/2017 20:33,129,942,-77.2,-34.2,43,-77.9,-26,51.9,,,,18
Harvey,ATL,700,27.57,17,8/25/2017 21:22,129,941,-75.1,-33.5,41.6,-76.5,-25.8,50.7,,,,17
Harvey,ATL,700,27.6,18,8/25/2017 22:03,118,941,-75.3,-33.7,41.6,-76.1,-25.8,50.3,,,,18
Harvey,ATL,700,27.67,18,8/25/2017 23:01,111,942,-75.1,-32.1,43,-76.1,-24.7,51.4,,,,18
Harvey,ATL,700,27.72,18,8/25/2017 23:26,129,941,-74,-32.2,41.7,-74.4,-24.7,49.7,,,,18
Harvey,ATL,700,27.95,16,8/26/2017 2:15,117,938,-75.3,-29.5,45.8,,,,,,,16
Harvey,ATL,700,27.97,16,8/26/2017 3:07,124,942,-73.1,-29.7,43.4,,,,,,,16
Harvey,ATL,700,28.07,16,8/26/2017 4:19,120,942,-75.6,-30.9,44.8,,,,,,,16
Irma,ATL,700,17.38,30,9/3/2017 21:26,96,961,,,,,,,,,,30
Irma,ATL,700,17.35,20,9/3/2017 22:45,99,960,-78.1,-67.5,10.6,,,,,,,20
Irma,ATL,700,17.3,25,9/3/2017 23:58,99,961,,,,,,,,,,25
Irma,ATL,700,16.78,18,9/4/2017 9:04,117,951,-78.1,-48,30.1,,,,,,,18
Irma,ATL,700,16.78,18,9/4/2017 10:27,117,948,-76.6,-44.4,32.1,,,,,,,18
Irma,ATL,700,16.78,30(15),9/4/2017 11:42,117,947,-76.6,-37.8,38.7,,,,,,,15
Irma,ATL,700,16.77,35(15),9/4/2017 13:13,117,946,-74.5,-37.1,37.4,,,,,,,15
Irma,ATL,700,16.72,32(26),9/4/2017 16:52,102,946,-79.1,-44.6,34.5,,,,,,,26
Irma,ATL,700,16.72,20,9/4/2017 18:36,121,944,-79.5,-50.3,29.2,,,,,,,20
Irma,ATL,700,16.68,25,9/4/2017 21:40,130,944,-79.5,-49,30.5,,,,,,,25
Irma*,ATL,N/A,16.68,25,9/4/2017 23:07,130,945,,,,,,,,,,25
Irma*,ATL,N/A,16.68,25,9/5/2017 0:20,130,945,,,,,,,,,,25
Irma*,ATL,N/A,16.67,25,9/5/2017 1:49,133,945,,,,,,,,,,25
Irma,ATL,700,16.7,30,9/4/2017 23:23,135,944,-78.1,-39.8,38.4,,,,,,,30
Irma,ATL,700,16.7,25,9/5/2017 1:12,135,944,-78.8,-36.7,42.1,,,,,,,25
Irma,ATL,700,16.65,25,9/5/2017 2:59,133,943,-78.1,-39,39.1,,,,,,,25
Irma,ATL,700,16.63,24,9/5/2017 4:37,133,940,-81.3,-34.3,47.1,,,,,,,24
Irma*,ATL,N/A,16.65,25,9/5/2017 9:43,133,932,,,,,,,,,,25
Irma*,ATL,N/A,16.7,23,9/5/2017 11:10,171,930,,,,,,,,,,23
Irma*,ATL,N/A,16.7,20,9/5/2017 12:31,171,931,,,,,,,,,,20
Irma,ATL,700,16.67,25,9/5/2017 11:19,158,930,-78.4,-30.9,47.6,,,,,,,25
Irma,ATL,700,16.72,25,9/5/2017 13:02,158,931,-77.8,-29.9,47.9,,,,,,,25
Irma,ATL,700,16.77,25,9/5/2017 14:49,147,927,-77.8,-27.6,50.1,,,,,,,25
Irma,ATL,700,16.88,24,9/5/2017 16:38,151,926,-75.6,-28,47.6,,,,,,,24
Irma,ATL,700,17.07,45(20),9/5/2017 21:38,151,920,-78.4,-26.5,52,,,,,,,20
Irma*,ATL,N/A,17.12,45(20),9/5/2017 22:45,156,917,,,,,,,,,,20
Irma*,ATL,N/A,17.2,45(20),9/6/2017 0:03,161,917,,,,,,,,,,20
Irma*,ATL,N/A,17.33,20,9/6/2017 1:20,161,917,,,,,,,,,,20
Irma,ATL,700,17.17,20,9/5/2017 23:18,161,917,-76.6,-26.1,50.4,,,,,,,20
Irma,ATL,700,17.27,24,9/6/2017 1:08,161,917,-77.5,-25.7,51.7,,,,,,,24
Irma,ATL,700,17.33,22,9/6/2017 2:12,163,917,-79.1,-24.7,54.4,,,,,,,22
Irma,ATL,700,17.45,20,9/6/2017 3:11,163,918,-76.9,-23.4,53.4,,,,,,,20
Irma,ATL,700,17.62,25,9/6/2017 5:03,163,915,-80.2,-25.9,54.3,,,,,,,25
Irma,ATL,700,18.03,25,9/6/2017 11:36,152,923,-78.8,-29.1,49.7,,,,,,,25
Irma,ATL,700,18.18,22,9/6/2017 14:39,164,923,-78.1,-26.3,51.8,,,,,,,22
Irma,ATL,700,18.38,19,9/6/2017 16:26,164,921,-78.4,-28.3,50.1,,,,,,,19
Irma,ATL,700,18.52,18,9/6/2017 18:16,161,917,-81.3,-27.3,54.1,,,,,,,18
Irma,ATL,700,18.72,16,9/6/2017 20:17,161,915,-79.9,-26.6,53.3,,,,,,,16
Irma,ATL,700,19.08,42(18),9/7/2017 0:00,147,916,-80.2,-32.8,47.4,,,,,,,18
Irma,ATL,700,19.22,20,9/7/2017 1:13,163,917,-79.9,-32.3,47.5,,,,,,,20
Irma,ATL,700,19.4,18,9/7/2017 3:01,144,920,-80.6,-31.3,49.3,,,,,,,18
Irma,ATL,700,19.58,18,9/7/2017 5:09,163,921,-77.8,-33.4,44.4,,,,,,,18
Irma,ATL,700,20.05,24,9/7/2017 11:12,152,921,-78.8,-34.3,44.5,,,,,,,24
Irma,ATL,700,20.15,24,9/7/2017 12:28,152,921,-78.8,-33.8,45,,,,,,,24
Irma,ATL,700,20.38,20,9/7/2017 14:11,151,920,-78.8,-32.2,46.5,,,,,,,20
Irma,ATL,700,20.57,22,9/7/2017 15:56,152,923,-78.4,-31.8,46.7,,,,,,,22
Irma,ATL,700,20.72,22,9/7/2017 17:15,152,922,-79.1,-31.4,47.7,,,,,,,22
Irma,ATL,700,21.12,20,9/7/2017 23:33,146,920,-80.6,-28.2,52.4,,,,,,,20
Irma,ATL,700,21.15,22x16,9/8/2017 0:55,146,921,-76.6,-27.7,48.8,,,,,,,18.76166304
Irma,ATL,700,21.32,22,9/8/2017 2:35,141,919,-76.6,-27.7,48.9,,,,,,,22
Irma,ATL,700,21.4,20,9/8/2017 4:24,147,924,-74,-29.1,44.9,,,,,,,20
Irma,ATL,700,21.43,20,9/8/2017 5:01,147,925,-80.2,-30.4,49.9,,,,,,,20
Irma*,ATL,N/A,21.63,40,9/8/2017 9:37,132,927,,,,,,,,,,40
Irma*,ATL,N/A,21.78,40,9/8/2017 13:20,150,928,,,,,,,,,,40
Irma,ATL,700,21.7,40(24),9/8/2017 11:36,134,927,-77.2,-33.4,43.8,,,,,,,24
Irma,ATL,700,21.78,40,9/8/2017 12:50,148,927,-77.5,-31.2,46.3,,,,,,,40
Irma,ATL,700,21.85,40(24),9/8/2017 14:37,148,929,-75.3,-30.9,44.4,,,,,,,24
Irma,ATL,700,21.88,40,9/8/2017 16:38,138,928,-73.7,-30.8,42.9,,,,,,,40
Irma,ATL,700,22.1,40,9/8/2017 21:13,139,925,-74.5,-30.3,44.2,,,,,,,40
Irma,ATL,700,22.1,30,9/8/2017 22:34,139,924,-77.8,-31.2,46.6,,,,,,,30
Irma,ATL,700,22.13,35,9/8/2017 23:52,154,925,-78.1,-32.5,45.6,,,,,,,35
Irma,ATL,700,22.12,28,9/9/2017 1:36,154,926,-79.5,-35.9,43.6,,,,,,,28
Irma,ATL,700,22.1,30,9/9/2017 2:51,128,924,-77.5,-37.5,40,,,,,,,30
Irma,ATL,700,22.25,28,9/9/2017 5:11,124,931,-76.2,-44.2,32,,,,,,,28
Irma,ATL,700,22.48,14,9/9/2017 8:38,112,935,-72.6,-49.1,23.5,,,,,,,14
Irma,ATL,700,22.53,15,9/9/2017 10:12,112,937,-71.4,-48.7,22.7,,,,,,,15
Irma,ATL,700,22.68,10,9/9/2017 11:54,109,940,-71.4,-57.1,14.3,,,,,,,10
Irma,ATL,700,22.75,15,9/9/2017 14:02,105,941,,,,,,,,,,15
Irma,ATL,700,23.13,30(15),9/9/2017 18:30,98,939,,,,,,,,,,15
Irma,ATL,700,23.22,30(15),9/9/2017 20:06,99,935,,,,,,,,,,15
Irma,ATL,700,23.32,25(12),9/9/2017 21:43,103,934,,,,,,,,,,12
Irma,ATL,700,23.32,25(12),9/9/2017 23:06,104,934,,,,,,,,,,12
Irma,ATL,700,23.43,24(16),9/10/2017 2:36,106,932,,,,,,,,,,16
Irma,ATL,700,23.58,22,9/10/2017 4:12,110,931,,,,,,,,,,22
Irma,ATL,700,23.72,20,9/10/2017 5:42,128,930,,,,,,,,,,20
Irma,ATL,700,23.88,20,9/10/2017 7:25,128,929,,,,,,,,,,20
Irma,ATL,700,24.08,22,9/10/2017 8:56,120,929,,,,,,,,,,22
Irma,ATL,700,24.5,N/A,9/10/2017 12:03,121,931,,,,,,,,,,
Irma,ATL,700,24.75,16,9/10/2017 13:41,121,933,,,,,,,,,,16
Irma,ATL,700,25.05,N/A,9/10/2017 15:06,100,934,,,,,,,,,,
Irma,ATL,700,25.42,N/A,9/10/2017 17:14,100,936,,,,,,,,,,
Jose,ATL,700,16.1,N/A,9/8/2017 11:53,110,944,-74.8,-38.4,36.4,,,,,,,
Jose,ATL,700,16.2,16,9/8/2017 13:58,146,940,,,,,,,,,,16
Jose,ATL,700,16.65,17,9/8/2017 23:42,120,939,-72.4,-38,34.4,,,,,,,17
Jose,ATL,700,16.67,17,9/9/2017 0:28,135,942,-72.6,-40.1,32.6,,,,,,,17
Jose,ATL,700,17.72,16,9/9/2017 10:52,115,945,-71.7,-39.1,32.6,,,,,,,16
Jose,ATL,700,18.02,16x14,9/9/2017 12:40,138,945,-72.6,-34.6,38,,,,,,,14.96662955
Jose,ATL,700,19.35,24x12,9/9/2017 23:13,122,946,-71.2,-27.5,43.7,,,,,,,16.97056275
Jose,ATL,700,19.62,23x15,9/10/2017 0:53,122,945,-73.4,-27,46.4,,,,,,,18.57417562
Maria,ATL,700,14.43,12,9/18/2017 11:16,108,968,,,,,,,,,,12
Maria,ATL,700,14.55,10,9/18/2017 12:59,108,966,,,,,,,,,,10
Maria,ATL,700,14.65,10,9/18/2017 14:43,115,961,,,,,,,,,,10
Maria,ATL,700,14.75,8,9/18/2017 16:35,115,957,,,,,,,,,,8
Maria,ATL,700,15.25,8,9/18/2017 23:30,136,928,-80.2,-30,50.2,,,,,,,8
Maria,ATL,700,15.53,12,9/19/2017 3:36,136,946,,,,,,,,,,12
Maria,ATL,700,15.63,12,9/19/2017 4:36,136,943,,,,,,,,,,12
Maria,ATL,700,15.88,10,9/19/2017 8:36,150,933,-75.6,-29.6,46,,,,,,,10
Maria,ATL,700,16.07,7,9/19/2017 10:20,150,934,-76.2,-32.4,43.8,,,,,,,7
Maria,ATL,700,16.12,7,9/19/2017 11:54,144,933,-78.8,-31.5,47.2,,,,,,,7
Maria,ATL,700,16.15,10,9/19/2017 13:07,144,932,-77.5,-32.8,44.7,,,,,,,10
Maria,ATL,700,16.28,10,9/19/2017 14:24,144,928,-78.4,-32.6,45.8,,,,,,,10
Maria,ATL,700,16.58,5,9/19/2017 17:52,153,920,-78.8,-27.3,51.5,,,,,,,5
Maria,ATL,700,16.7,10,9/19/2017 19:42,153,916,-80.2,-28.7,51.5,,,,,,,10
Maria,ATL,700,16.77,10,9/19/2017 21:12,148,913,-79.9,-25,54.9,,,,,,,10
Maria,ATL,700,16.88,9,9/19/2017 22:19,157,910,-82.5,-23.8,58.7,,,,,,,9
Maria,ATL,700,16.97,9,9/19/2017 23:36,157,911,-81,-23.4,57.5,,,,,,,9
Maria,ATL,700,17.32,10,9/20/2017 3:10,147,910,-77.5,-21,56.4,,,,,,,10
Maria,ATL,700,17.45,16(10),9/20/2017 4:39,147,912,-77.5,-22.7,54.8,,,,,,,10
Maria,ATL,700,17.62,30(10),9/20/2017 6:08,136,915,-79.9,-23.2,56.7,,,,,,,10
Maria,ATL,700,17.73,28(10),9/20/2017 7:11,136,917,-75.9,-26.3,49.6,,,,,,,10
Maria,ATL,700,17.85,28(10),9/20/2017 8:04,146,917,-76.9,-28.3,48.6,,,,,,,10
Maria,ATL,700,18.53,16,9/20/2017 17:40,102,960,,,,,,,,,,16
Maria,ATL,700,18.65,16,9/20/2017 19:12,102,958,,,,,,,,,,16
Maria,ATL,700,18.72,22,9/20/2017 19:52,92,959,,,,,,,,,,22
Maria,ATL,700,18.93,36(16),9/20/2017 23:32,97,959,,,,,,,,,,16
Maria,ATL,700,19.05,36,9/21/2017 1:19,108,962,,,,,,,,,,36
Maria,ATL,700,19.1,36,9/21/2017 2:32,115,961,,,,,,,,,,36
Maria,ATL,700,19.08,38,9/21/2017 3:13,115,961,,,,,,,,,,38
Maria,ATL,700,19.2,40,9/21/2017 4:33,114,961,,,,,,,,,,40
Maria,ATL,700,19.88,38,9/21/2017 11:45,105,959,,,,,,,,,,38
Maria,ATL,700,19.98,42,9/21/2017 12:57,105,961,,,,,,,,,,42
Maria,ATL,700,20.13,42,9/21/2017 14:40,106,960,,,,,,,,,,42
Maria,ATL,700,20.35,42,9/21/2017 16:43,117,960,,,,,,,,,,42
Maria,ATL,700,20.83,36,9/21/2017 23:46,123,954,,,,,,,,,,36
Maria,ATL,700,20.93,34,9/22/2017 1:15,126,957,,,,,,,,,,34
Maria,ATL,700,20.98,40,9/22/2017 3:01,126,959,,,,,,,,,,40
Maria,ATL,700,21.13,40x32,9/22/2017 4:41,119,959,,,,,,,,,,35.77708764
Maria,ATL,700,21.85,42,9/22/2017 11:14,104,959,,,,,,,,,,42
Maria,ATL,700,22.18,38,9/22/2017 13:08,121,959,,,,,,,,,,38
Maria,ATL,700,22.4,40,9/22/2017 14:59,121,958,,,,,,,,,,40
Maria,ATL,700,22.67,40,9/22/2017 16:46,106,959,,,,,,,,,,40
Maria,ATL,N/A,23.07,40,9/22/2017 19:30,110,959,,,,,,,,,,40
Maria,ATL,N/A,23.22,38,9/22/2017 20:26,110,959,,,,,,,,,,38
Maria,ATL,N/A,23.52,45,9/22/2017 22:28,110,957,,,,,,,,,,45
Maria,ATL,700,22.62,35,9/22/2017 23:16,109,953,,,,,,,,,,35
Maria,ATL,700,23.77,35,9/23/2017 0:58,109,954,,,,,,,,,,35
Maria,ATL,700,23.93,35,9/23/2017 2:47,108,953,,,,,,,,,,35
Maria,ATL,700,24.18,35,9/23/2017 4:39,110,952,,,,,,,,,,35
Maria,ATL,700,24.97,36x24,9/23/2017 11:43,99,953,,,,,,,,,,29.39387691
Maria,ATL,700,25.2,30,9/23/2017 13:23,102,953,,,,,,,,,,30
Maria,ATL,700,25.32,32,9/23/2017 14:31,102,953,,,,,,,,,,32
Maria,ATL,N/A,26.38,28,9/23/2017 22:21,92,947,,,,,,,,,,28
Maria,ATL,700,22.44,28,9/23/2017 22:44,99,946,,,,,,,,,,28
Maria,ATL,700,26.68,28,9/24/2017 0:29,99,944,,,,,,,,,,28
Maria,ATL,700,27.62,30,9/24/2017 6:49,99,948,,,,,,,,,,30
Maria,ATL,700,27.82,30,9/24/2017 8:16,107,948,,,,,,,,,,30
Maria,ATL,700,28.02,30,9/24/2017 9:29,117,946,,,,,,,,,,30
Maria,ATL,700,28.23,30,9/24/2017 10:50,117,948,,,,,,,,,,30
Maria,ATL,700,28.37,30,9/24/2017 11:43,101,947,,,,,,,,,,30
Maria,ATL,700,28.52,35,9/24/2017 13:04,101,947,,,,,,,,,,35
Maria,ATL,700,28.72,30,9/24/2017 14:40,101,947,,,,,,,,,,30
Maria,ATL,700,28.9,30,9/24/2017 16:40,101,943,,,,,,,,,,30
Maria,ATL,N/A,30.7,N/A,9/25/2017 10:47,94,960,,,,,,,,,,
Maria,ATL,700,30.78,N/A,9/25/2017 11:29,95,961,,,,,,,,,,
Maria,ATL,700,30.95,N/A,9/25/2017 13:09,95,963,,,,,,,,,,
Maria,ATL,700,31.2,N/A,9/25/2017 14:51,92,965,,,,,,,,,,
Maria,ATL,700,31.33,N/A,9/25/2017 16:31,92,966,,,,,,,,,,
Maria,ATL,700,31.62,N/A,9/25/2017 20:40,94,962,,,,,,,,,,
Maria,ATL,N/A,31.78,N/A,9/25/2017 21:58,94,965,,,,,,,,,,
Maria,ATL,N/A,31.93,N/A,9/25/2017 23:24,94,966,,,,,,,,,,
Florence,ATL,700,24.99,12,9/10/2018 15:35,132,947,,,,,,,,,,12
Florence,ATL,700,25.07,12,9/10/2018 16:42,132,943,,,,,,,,,,12
Florence,ATL,700,25.15,12,9/10/2018 17:36,126,944,,,,,,,,,,12
Florence,ATL,700,25.53,16,9/10/2018 23:04,116,942,,,,,,,,,,16
Florence,ATL,700,25.59,16,9/11/2018 0:40,117,945,,,,,,,,,,16
Florence,ATL,700,27.87,15,9/12/2018 0:59,126,944,,,,,,,,,,15
Florence,ATL,700,28.1,26,9/12/2018 2:31,126,946,,,,,,,,,,26
Florence,ATL,700,28.25,14,9/12/2018 3:48,130,947,,,,,,,,,,14
Florence,ATL,700,28.39,20,9/12/2018 5:05,130,946,,,,,,,,,,20
Florence,ATL,700,29.35,26,9/12/2018 11:26,125,945,,,,,,,,,,26
Florence,ATL,700,29.64,26,9/12/2018 13:12,125,948,,,,,,,,,,26
Florence,ATL,700,29.93,28,9/12/2018 14:57,123,947,,,,,,,,,,28
Florence,ATL,700,30.32,28,9/12/2018 16:57,123,949,,,,,,,,,,28
Florence,ATL,700,31.37,22,9/12/2018 23:25,103,956,,,,,,,,,,22
Florence,ATL,700,31.72,N/A,9/13/2018 1:06,103,957,,,,,,,,,,
Florence,ATL,700,31.96,36,9/13/2018 2:53,100,959,,,,,,,,,,36
Florence,ATL,700,32.24,28,9/13/2018 4:41,102,957,,,,,,,,,,28
Florence,ATL,700,33.44,30,9/13/2018 15:02,92,956,,,,,,,,,,30
Florence,ATL,700,33.5,34,9/13/2018 16:31,92,955,,,,,,,,,,34
Florence,ATL,700,33.69,24,9/13/2018 20:16,93,956,,,,,,,,,,24
Florence,ATL,700,33.85,24,9/13/2018 21:23,93,956,,,,,,,,,,24
Florence,ATL,700,33.89,24,9/13/2018 23:08,93,955,,,,,,,,,,24
Florence,ATL,700,33.95,20,9/14/2018 0:59,92,957,,,,,,,,,,20
Florence,ATL,700,33.98,20,9/14/2018 1:34,103,957,,,,,,,,,,20
Florence,ATL,700,34.05,28,9/14/2018 5:52,100,956,,,,,,,,,,28
Florence,ATL,700,34.14,50(18),9/14/2018 7:00,95,958,,,,,,,,,,18
Florence,ATL,700,34.18,24,9/14/2018 8:00,95,958,,,,,,,,,,24
Florence,ATL,700,34.2,60(20),9/14/2018 8:59,95,958,,,,,,,,,,20
Michael,ATL,700,24.43,N/A,10/9/2018 10:40,100,968,,,,,,,,,,
Michael,ATL,700,24.52,N/A,10/9/2018 11:40,100,970,,,,,,,,,,
Michael,ATL,700,24.76,32,10/9/2018 13:13,104,966,,,,,,,,,,32
Michael,ATL,700,24.91,30,10/9/2018 14:23,105,968,,,,,,,,,,30
Michael,ATL,700,24.57,35x28,10/9/2018 11:45,98,970,,,,,,,,,,31.30495168
Michael,ATL,700,24.78,30,10/9/2018 13:32,104,967,,,,,,,,,,30
Michael,ATL,700,24.98,30,10/9/2018 15:06,104,967,,,,,,,,,,30
Michael,ATL,700,25.22,30,10/9/2018 16:37,109,966,,,,,,,,,,30
Michael,ATL,700,26.03,18,10/9/2018 20:29,109,958,,,,,,,,,,18
Michael,ATL,700,26.34,22,10/9/2018 22:10,111,955,,,,,,,,,,22
Michael,ATL,700,26.56,24,10/9/2018 23:35,117,954,,,,,,,,,,24
Michael,ATL,700,26.2,20,10/9/2018 21:28,109,956,,,,,,,,,,20
Michael,ATL,700,26.46,20,10/9/2018 23:07,124,955,,,,,,,,,,20
Michael,ATL,700,27.05,20,10/10/2018 2:10,130,948,,,,,,,,,,20
Michael,ATL,700,27.71,18,10/10/2018 5:39,136,947,-81,-44.8,36.1,,,,,,,18
Michael,ATL,700,28.08,20,10/10/2018 7:25,136,945,-82.1,-45,37.1,,,,,,,20
Michael,ATL,700,28.44,20,10/10/2018 9:04,130,940,-84.7,-43.2,41.6,,,,,,,20
Michael,ATL,700,28.81,18,10/10/2018 10:50,130,936,-81.7,-39.3,42.4,,,,,,,18
Michael,ATL,700,28.99,18,10/10/2018 12:05,125,935,-81.3,-38.4,42.9,,,,,,,18
Michael,ATL,700,29.18,18,10/10/2018 13:11,125,932,-81.3,-33,48.3,,,,,,,18
Michael,ATL,N/A,28.58,16,10/10/2018 9:49,122,938,,,,,,,,,,16
Michael,ATL,700,28.83,16,10/10/2018 11:16,136,935,,,,,,,,,,16
Michael,ATL,700,29.05,15,10/10/2018 12:24,136,934,,,,,,,,,,15
Michael,ATL,700,29.24,16,10/10/2018 13:42,144,931,,,,,,,,,,16
Michael,ATL,700,29.3,18,10/10/2018 14:12,134,929,-81.3,-32.7,48.7,,,,,,,18
Michael,ATL,700,29.48,18,10/10/2018 15:11,143,925,-80.6,-30.5,50.1,,,,,,,18
Michael,ATL,700,29.65,18,10/10/2018 15:58,143,922,-78.8,-30.6,48.2,,,,,,,18
Michael,ATL,700,29.97,18,10/10/2018 17:09,152,922,-79.1,-31.1,48,,,,,,,18
Dorian,ATL,700,23.16,8,8/30/2019 2:19,94,979,,,,,,,,,,8
Dorian,ATL,700,23.22,9,8/30/2019 3:23,94,979,,,,,,,,,,9
Dorian,ATL,700,23.36,N/A,8/30/2019 4:35,94,979,,,,,,,,,,
Dorian,ATL,700,24.12,24,8/30/2019 11:30,98,975,,,,,,,,,,24
Dorian,ATL,700,24.29,24,8/30/2019 12:50,100,972,,,,,,,,,,24
Dorian,ATL,700,24.45,25,8/30/2019 14:09,100,976,,,,,,,,,,25
Dorian,ATL,700,24.59,25,8/30/2019 15:08,102,974,,,,,,,,,,25
Dorian,ATL,700,24.65,25,8/30/2019 15:49,102,973,,,,,,,,,,25
Dorian,ATL,700,24.78,18,8/30/2019 17:07,102,970,,,,,,,,,,18
Dorian,ATL,700,25.22,20,8/30/2019 22:58,116,951,,,,,,,,,,20
Dorian,ATL,N/A,25.4,12,8/31/2019 1:06,129,950,,,,,,,,,,12
Dorian,ATL,700,25.79,12,8/31/2019 10:50,131,944,-75.3,-28.2,47.2,-77,-18.5,58.5,,,,12
Dorian,ATL,700,25.86,14,8/31/2019 11:56,123,947,-73.7,-28.6,45.1,-74,-18.3,55.7,,,,14
Dorian,ATL,700,25.88,14,8/31/2019 13:27,131,945,-73.7,-28.4,45.3,-74.4,-18.1,56.3,,,,14
Dorian,ATL,700,25.93,14,8/31/2019 14:56,131,946,-72.2,-28.4,43.7,-72.5,-19.5,53,,,,14
Dorian,ATL,700,26.03,14,8/31/2019 16:32,135,946,-73.7,-27.8,45.9,-75.7,-18.7,57,,,,14
Dorian,ATL,700,26.19,14,8/31/2019 23:22,144,941,-74.2,-26.2,48,-74.8,-17.3,57.5,,,,14
Dorian,ATL,700,26.21,13,9/1/2019 0:43,144,940,-75.1,-24.9,50.1,-76.5,-15.1,61.5,,,,13
Dorian,ATL,700,26.22,13,9/1/2019 2:10,144,937,-74.8,-24.3,50.5,-74,-15,59,,,,13
Dorian,ATL,700,26.28,13,9/1/2019 4:42,145,935,-75.3,-25.5,49.9,-76.1,-17.1,59,,,,13
Dorian,ATL,700,26.44,14,9/1/2019 11:32,150,928,-74.2,-23.7,50.5,-75.7,-16.4,59.3,,,,14
Dorian,ATL,700,26.47,13,9/1/2019 13:18,159,921,-76.6,-21,55.6,-73.3,-13.4,59.9,,,,13
Dorian,ATL,700,26.5,13,9/1/2019 14:56,159,915,-74.8,-20.1,54.7,-75.7,-11.6,64,,,,13
Dorian,ATL,700,26.5,13,9/1/2019 16:23,161,913,-74.5,-19.1,55.4,-74,-10.8,63.2,,,,13
Dorian,ATL,700,26.57,14,9/1/2019 17:43,161,912,-71.2,-19.5,51.7,-71.4,-11.6,59.8,,,,14
Dorian,ATL,700,26.63,12,9/1/2019 23:02,150,916,-72.9,-21.5,51.4,-73.3,-13,60.3,,,,12
Dorian,ATL,700,26.61,12,9/2/2019 0:44,150,914,-74,-21.2,52.7,-73.3,-12.8,60.4,,,,12
Dorian,ATL,700,26.61,12,9/2/2019 2:16,154,916,-74,-21.6,52.4,-74,-12.8,61.2,,,,12
Dorian,ATL,700,26.59,13,9/2/2019 3:28,154,915,-72.6,-21,51.6,-73.3,-12.7,60.5,,,,13
Dorian,ATL,700,26.59,16,9/2/2019 4:45,155,917,-74,-21.7,52.3,-74.4,-13.1,61.3,,,,16
Dorian,ATL,700,26.84,24,9/2/2019 17:20,129,939,,,,,,,,,,24
Dorian,ATL,700,26.84,24,9/2/2019 19:07,129,941,,,,,,,,,,24
Dorian,ATL,700,26.87,25,9/2/2019 20:46,129,941,,,,,,,,,,25
Dorian,ATL,700,26.89,30,9/2/2019 22:35,129,944,,,,,,,,,,30
Dorian,ATL,700,26.85,21,9/3/2019 2:26,101,949,,,,,,,,,,21
Dorian,ATL,700,26.84,25,9/3/2019 3:24,102,950,,,,,,,,,,25
Dorian,ATL,700,26.95,35,9/3/2019 8:47,112,952,,,,,,,,,,35
Dorian,ATL,700,27.02,30,9/3/2019 10:23,112,953,,,,,,,,,,30
Dorian,ATL,700,27.09,30,9/3/2019 11:33,109,955,,,,,,,,,,30
Dorian,ATL,700,27.13,40,9/3/2019 13:17,109,957,,,,,,,,,,40
Dorian,ATL,700,27.2,40,9/3/2019 14:56,99,958,,,,,,,,,,40
Dorian,ATL,700,27.38,40,9/3/2019 16:37,99,959,,,,,,,,,,40
Dorian,ATL,700,27.69,22,9/3/2019 20:14,99,958,,,,,,,,,,22
Dorian,ATL,700,27.92,22,9/3/2019 22:04,99,959,,,,,,,,,,22
Dorian,ATL,700,28.11,22,9/3/2019 23:37,98,960,,,,,,,,,,22
Dorian,ATL,700,28.31,22,9/4/2019 1:39,98,962,,,,,,,,,,22
Dorian,ATL,700,28.88,N/A,9/4/2019 6:43,93,964,,,,,,,,,,
Dorian,ATL,700,29.04,N/A,9/4/2019 8:03,99,963,,,,,,,,,,
Dorian,ATL,700,29.14,N/A,9/4/2019 9:21,99,964,,,,,,,,,,
Dorian,ATL,700,29.32,N/A,9/4/2019 10:35,99,964,,,,,,,,,,
Dorian,ATL,700,29.7,55,9/4/2019 14:21,100,964,,,,,,,,,,55
Dorian,ATL,700,29.95,55,9/4/2019 16:09,100,963,,,,,,,,,,55
Dorian,ATL,700,30.08,48,9/4/2019 17:07,100,964,,,,,,,,,,48
Dorian,ATL,700,30.26,55,9/4/2019 18:43,110,962,,,,,,,,,,55
Dorian,ATL,700,30.39,48,9/4/2019 20:01,110,961,,,,,,,,,,48
Dorian,ATL,700,30.67,47,9/4/2019 23:22,106,959,,,,,,,,,,47
Dorian,ATL,700,30.87,55x45,9/5/2019 1:26,118,956,,,,,,,,,,49.74937186
Dorian,ATL,700,31,48,9/5/2019 2:56,118,957,,,,,,,,,,48
Dorian,ATL,700,31.16,50,9/5/2019 4:37,104,957,,,,,,,,,,50
Dorian,ATL,700,31.97,40,9/5/2019 11:18,92,960,,,,,,,,,,40
Dorian,ATL,700,32.23,40,9/5/2019 12:35,92,961,,,,,,,,,,40
Dorian,ATL,700,32.44,40,9/5/2019 14:22,92,960,,,,,,,,,,40
Dorian,ATL,700,33.77,N/A,9/6/2019 3:13,96,959,,,,,,,,,,
Dorian,ATL,700,33.97,N/A,9/6/2019 4:50,96,959,,,,,,,,,,
Dorian,ATL,700,34.27,32,9/6/2019 6:36,101,957,,,,,,,,,,32
Dorian,ATL,700,34.48,N/A,9/6/2019 7:42,101,958,,,,,,,,,,
Dorian,ATL,700,35.15,30,9/6/2019 11:51,93,959,,,,,,,,,,30
Dorian,ATL,700,35.32,32,9/6/2019 13:19,93,959,,,,,,,,,,32
Humberto,ATL,700,30.62,42,9/17/2019 10:49,92,961,,,,,,,,,,42
Humberto,ATL,700,30.66,42,9/17/2019 12:41,96,962,,,,,,,,,,42
Humberto,ATL,700,31.19,40,9/17/2019 23:26,111,951,,,,,,,,,,40
Humberto,ATL,700,31.23,40,9/18/2019 1:06,111,952,,,,,,,,,,40
Humberto,ATL,700,31.2,40x32,9/18/2019 2:14,112,951,,,,,,,,,,35.77708764
Humberto,ATL,700,31.87,48x32,9/18/2019 11:49,96,952,,,,,,,,,,39.19183588
Humberto,ATL,700,32.07,N/A,9/18/2019 13:17,120,952,,,,,,,,,,
Humberto,ATL,700,32.23,N/A,9/18/2019 14:38,120,952,,,,,,,,,,
Humberto,ATL,700,33.73,N/A,9/19/2019 1:33,102,952,,,,,,,,,,
Humberto,ATL,700,33.93,N/A,9/19/2019 2:34,121,952,,,,,,,,,,
Jerry,ATL,700,17.08,24x20,9/19/2019 16:42,97,983,,,,,,,,,,21.9089023
Jerry,ATL,700,17.74,16,9/19/2019 23:45,97,978,,,,,,,,,,16
Jerry,ATL,700,17.8,16,9/20/2019 1:23,97,979,,,,,,,,,,16
Jerry,ATL,700,17.87,22,9/20/2019 2:32,97,982,,,,,,,,,,22
Jerry,ATL,700,17.88,N/A,9/20/2019 3:20,95,983,,,,,,,,,,
Jerry,ATL,700,17.97,22,9/20/2019 4:34,95,982,,,,,,,,,,22
Laura,ATL,700,26.11,36x25,8/26/2020 9:59,104,969,-82.1,-50.8,31.3,,,,,,,30
Laura,ATL,700,26.21,35x25,8/26/2020 11:03,104,964,-79.5,-49.4,30.1,,,,,,,29.58039892
Laura,ATL,700,26.46,28,8/26/2020 12:25,107,960,-79.1,-47.9,31.2,,,,,,,28
Laura,ATL,700,26.67,26,8/26/2020 14:14,121,958,-77.2,-41.8,35.4,,,,,,,26
Laura,ATL,N/A,,,8/26/2020 12:01,110,964,,,,,,,,,,
Laura,ATL,N/A,,,8/26/2020 13:07,125,959,,,,,,,,,,
Laura,ATL,N/A,,,8/26/2020 14:26,110,958,,,,,,,,,,
Laura,ATL,N/A,,,8/26/2020 15:12,117,957,,,,,,,,,,
Laura,ATL,700,,,8/26/2020 17:25,131,953,-75.3,-36.7,38.6,,,,,,,
Laura,ATL,700,,,8/26/2020 18:36,131,950,-74.8,-34.2,40.6,,,,,,,
Laura,ATL,700,,,8/26/2020 20:02,136,947,-76.2,-32.1,44.1,,,,,,,
Laura,ATL,700,,,8/26/2020 23:04,141,942,-77.2,-30.5,46.7,,,,,,,
Laura,ATL,700,,,8/27/2020 0:57,141,938,-76.9,-30.5,46.4,,,,,,,
Laura,ATL,700,,,8/27/2020 2:12,145,941,-78.4,-30,48.5,,,,,,,
Laura,ATL,700,,,8/27/2020 3:10,145,938,-79.1,-32.9,46.2,,,,,,,
Laura,ATL,700,,,8/27/2020 3:45,147,940,-79.9,-31.6,48.3,,,,,,,
Laura,ATL,700,,,8/27/2020 4:12,148,941,-76.2,-32,44.2,,,,,,,
Laura,ATL,700,,,8/27/2020 4:41,148,939,-77.8,-31.6,46.2,,,,,,,
Laura,ATL,700,,,8/27/2020 5:47,148,941,-75.9,-32.6,43.4,,,,,,,
Sally,ATL,700,29.71,30,9/16/2020 3:27,97,971,,,,,,,,,,30
Sally,ATL,700,29.79,30,9/16/2020 4:16,102,970,,,,,,,,,,30
Sally,ATL,700,29.86,30,9/16/2020 5:14,102,969,,,,,,,,,,30
Sally,ATL,700,29.92,34,9/16/2020 6:06,103,970,,,,,,,,,,34
Sally,ATL,700,29.99,35,9/16/2020 7:02,103,968,,,,,,,,,,35
Sally,ATL,700,30.07,N/A,9/16/2020 8:09,106,968,,,,,,,,,,
Sally,ATL,700,30.16,25,9/16/2020 8:45,110,969,,,,,,,,,,25
Sally,ATL,700,30.21,31,9/16/2020 9:23,110,968,,,,,,,,,,31
Sally,ATL,700,30.23,N/A,9/16/2020 9:45,104,970,,,,,,,,,,
Teddy,ATL,700,19.64,34,9/17/2020 17:17,124,952,,,,,,,,,,34
Teddy,ATL,700,20.07,40,9/17/2020 20:53,130,947,,,,,,,,,,40
Teddy,ATL,700,22.53,30,9/18/2020 17:20,104,952,,,,,,,,,,30
Teddy,ATL,700,22.73,32,9/18/2020 19:06,106,951,,,,,,,,,,32
Teddy,ATL,700,26.73,60,9/19/2020 22:49,117,956,,,,,,,,,,60
Teddy,ATL,700,26.93,60,9/20/2020 0:30,117,958,,,,,,,,,,60
Teddy,ATL,700,34.61,N/A,9/21/2020 23:33,105,958,,,,,,,,,,
Teddy,ATL,700,35.17,N/A,9/22/2020 0:42,111,959,,,,,,,,,,
Teddy,ATL,700,39.25,N/A,9/22/2020 13:25,122,951,,,,,,,,,,
Teddy,ATL,700,39.62,N/A,9/22/2020 15:02,122,953,,,,,,,,,,
Teddy,ATL,700,39.82,N/A,9/22/2020 16:02,122,955,,,,,,,,,,
Delta,ATL,700,17.8,6,10/6/2020 11:47,98,962,,,,,,,,,,6
Delta,ATL,700,17.93,6,10/6/2020 13:03,102,957,,,,,,,,,,6
Delta,ATL,700,18.12,5,10/6/2020 14:12,109,957,,,,,,,,,,5
Delta,ATL,700,18.17,4,10/6/2020 14:58,132,956,,,,,,,,,,4
Delta,ATL,700,18.34,4,10/6/2020 16:33,132,957,,,,,,,,,,4
Delta,ATL,700,19.62,N/A,10/7/2020 3:24,98,975,,,,,,,,,,
Delta,ATL,700,19.84,42x28,10/7/2020 4:31,98,968,,,,,,,,,,34.2928564
Delta,ATL,700,22.32,36,10/7/2020 23:45,94,974,,,,,,,,,,36
Delta,ATL,700,22.38,30,10/8/2020 0:53,94,975,,,,,,,,,,30
Delta,ATL,700,22.49,32,10/8/2020 2:23,94,976,,,,,,,,,,32
Delta,ATL,700,22.62,29,10/8/2020 3:25,102,976,,,,,,,,,,29
Delta,ATL,700,22.79,36,10/8/2020 4:36,102,974,,,,,,,,,,36
Delta,ATL,700,23.75,36,10/8/2020 13:12,99,968,,,,,,,,,,36
Delta,ATL,700,23.94,34,10/8/2020 14:45,99,969,,,,,,,,,,34
Delta,ATL,700,24.18,36,10/8/2020 16:34,110,967,,,,,,,,,,36
Delta,ATL,700,24.64,28,10/8/2020 20:22,119,959,,,,,,,,,,28
Delta,ATL,700,24.98,30,10/8/2020 22:03,119,957,,,,,,,,,,30
Delta,ATL,700,25.24,30,10/8/2020 23:52,120,957,,,,,,,,,,30
Delta,ATL,700,25.49,36,10/9/2020 1:32,120,955,,,,,,,,,,36
Delta,ATL,700,25.63,30,10/9/2020 2:33,112,958,,,,,,,,,,30
Delta,ATL,700,25.86,20,10/9/2020 3:58,112,953,,,,,,,,,,20
Delta,ATL,700,26.22,30,10/9/2020 5:32,107,957,,,,,,,,,,30
Delta,ATL,700,26.6,32,10/9/2020 7:30,125,956,,,,,,,,,,32
Delta,ATL,700,26.83,32,10/9/2020 8:46,108,958,,,,,,,,,,32
Delta,ATL,700,27.2,32,10/9/2020 10:31,108,960,,,,,,,,,,32
Delta,ATL,700,27.39,35,10/9/2020 11:30,101,960,,,,,,,,,,35
Delta,ATL,700,27.59,N/A,10/9/2020 12:40,107,960,,,,,,,,,,
Delta,ATL,700,27.78,30,10/9/2020 13:42,107,962,,,,,,,,,,30
Delta,ATL,700,28.45,60x32,10/9/2020 16:38,104,966,,,,,,,,,,43.8178046
Delta,ATL,700,28.72,40,10/9/2020 18:18,104,967,,,,,,,,,,40
Delta,ATL,700,29.57,N/A,10/9/2020 22:08,105,968,,,,,,,,,,
Delta,ATL,700,29.72,N/A,10/9/2020 22:42,100,971,,,,,,,,,,
Epsilon,ATL,700,29.29,12,10/21/2020 16:58,100,959,,,,,,,,,,12
Epsilon,ATL,700,29.36,13,10/21/2020 17:50,100,956,,,,,,,,,,13
Epsilon,ATL,700,29.36,12,10/21/2020 18:46,98,956,,,,,,,,,,12
Epsilon,ATL,700,29.47,10,10/21/2020 22:57,110,953,,,,,,,,,,10
Epsilon,ATL,700,29.48,12,10/21/2020 23:54,110,953,,,,,,,,,,12
Epsilon,ATL,700,29.47,12,10/22/2020 0:47,110,954,,,,,,,,,,12
Zeta,ATL,700,27.61,24,10/28/2020 17:15,102,975,,,,,,,,,,24
Zeta,ATL,700,28.14,24,10/28/2020 18:32,119,974,,,,,,,,,,24
Zeta,ATL,700,28.85,30,10/28/2020 19:36,119,973,,,,,,,,,,30
Zeta,ATL,700,29,22,10/28/2020 20:42,115,971,,,,,,,,,,22
Eta,ATL,700,14.1,6,11/3/2020 2:16,137,928,-84.7,-40,44.7,,,,,,,6
Eta,ATL,700,14.03,7,11/3/2020 3:10,137,925,-84.7,-36.9,47.8,,,,,,,7
Eta,ATL,700,13.63,8,11/3/2020 11:46,118,938,,,,,,,,,,8
Eta,ATL,700,13.59,8,11/3/2020 12:38,127,939,,,,,,,,,,8
Iota,ATL,700,13.19,16,11/15/2020 23:57,93,962,-83.8,-68.5,15.3,,,,,,,16
Iota,ATL,700,13.46,16,11/16/2020 5:08,122,945,-81.3,-41.4,40,,,,,,,16
Iota,ATL,700,13.45,16,11/16/2020 6:15,134,936,-82.9,-37.6,45.3,,,,,,,16
Iota,ATL,700,13.47,12,11/16/2020 12:21,147,921,-81.3,-31.2,50.1,,,,,,,12
Iota,ATL,700,13.46,12,11/16/2020 13:16,147,920,-83.4,-30,53.5,,,,,,,12
Iota,ATL,700,13.47,12,11/16/2020 14:12,147,920,-80.2,-31.8,48.4,,,,,,,12
Iota,ATL,700,13.53,12,11/16/2020 17:34,145,920,-81.3,-28.5,52.8,,,,,,,12
Iota,ATL,700,13.52,12,11/16/2020 18:35,145,919,-79.5,-28.7,50.8,,,,,,,12
Iota,ATL,700,13.54,12,11/16/2020 19:09,145,919,-81,-30.1,50.9,,,,,,,12
Iota,ATL,700,13.61,12,11/16/2020 23:24,125,919,-82.1,-32.8,49.4,,,,,,,12
Iota,ATL,700,13.56,18x10,11/17/2020 0:04,125,920,-81,-34.9,46.1,,,,,,,13.41640786
Iota,ATL,700,13.57,13,11/17/2020 0:43,143,921,-82.1,-35.1,47,,,,,,,13
Grace,ATL,850,20.6,20,8/20/2021 11:17,92,984,,,,,,,,,,20
Grace,ATL,850,20.55,30x24,8/20/2021 12:34,92,983,,,,,,,,,,26.83281573
Grace,ATL,700,20.69,32,8/20/2021 23:44,97,968,,,,,,,,,,32
Grace,ATL,700,20.7,30,8/21/2021 0:50,97,970,,,,,,,,,,30
Grace,ATL,700,20.67,30x20,8/21/2021 1:58,115,970,,,,,,,,,,24.49489743
Grace,ATL,700,20.67,30,8/21/2021 3:33,115,970,,,,,,,,,,30
Ida,ATL,700,27.34,20,8/29/2021 4:42,110,955,,,,,,,,,,20
Ida,ATL,700,27.56,20,8/29/2021 6:12,133,950,,,,,,,,,,20
Ida,ATL,700,28.34,20,8/29/2021 10:47,146,936,-76.9,-34.8,42,,,,,,,20
Ida,ATL,700,28.47,20,8/29/2021 11:56,138,932,-78.1,-36,42.1,,,,,,,20
Ida,ATL,700,28.52,16,8/29/2021 12:23,138,932,-78.8,-35,43.8,,,,,,,16
Ida,ATL,700,28.75,16,8/29/2021 14:09,136,933,-77.5,-36.9,40.5,,,,,,,16
Ida,ATL,700,28.94,14,8/29/2021 16:01,127,931,-74.8,-34.9,39.9,,,,,,,14
Ida,ATL,700,29.08,14,8/29/2021 16:50,129,932,-74.2,-38.5,35.8,,,,,,,14
Larry,ATL,700,22.06,45,9/6/2021 17:26,111,957,,,,,,,,,,45
Larry,ATL,700,22.33,45,9/6/2021 19:18,112,956,,,,,,,,,,45
Larry,ATL,700,22.38,45,9/6/2021 20:36,114,958,,,,,,,,,,45
Larry,ATL,700,23.84,60,9/7/2021 11:35,113,964,,,,,,,,,,60
Larry,ATL,700,24.15,N/A,9/7/2021 13:16,113,968,,,,,,,,,,
Larry,ATL,700,24.86,N/A,9/7/2021 19:22,110,965,,,,,,,,,,
Larry,ATL,700,24.93,N/A,9/7/2021 20:37,111,965,,,,,,,,,,
Larry,ATL,700,25.34,40,9/7/2021 23:47,99,967,,,,,,,,,,40
Larry,ATL,700,25.49,48x38,9/8/2021 1:31,106,967,,,,,,,,,,42.70831301
Larry,ATL,700,26.91,52,9/8/2021 10:45,118,966,,,,,,,,,,52
Larry,ATL,700,27.2,52,9/8/2021 12:23,118,967,,,,,,,,,,52
Larry,ATL,700,28.78,N/A,9/8/2021 22:33,105,969,,,,,,,,,,
Larry,ATL,700,29.15,N/A,9/9/2021 0:21,108,970,,,,,,,,,,
Larry,ATL,700,31.1,40,9/9/2021 11:26,95,968,,,,,,,,,,40
Larry,ATL,700,31.51,32,9/9/2021 13:11,95,966,,,,,,,,,,32
Sam,ATL,700,14.43,7,9/26/2021 22:37,120,932,-74,-34.7,39.3,,,,,,,7
Sam,ATL,700,14.5,10,9/26/2021 23:50,129,943,-75.6,-53.4,22.2,,,,,,,10
Sam...,,,,,,,,,,,,,,,,,
Sam,ATL,700,,,9/30/2021 4:02,139,943,-72.2,-28.7,43.5,,,,,,,
Sam,ATL,700,,,9/30/2021 5:40,139,940,-73.1,-26,47.2,,,,,,,
Sam,ATL,700,,,9/30/2021 6:50,139,938,-74,-26.2,47.7,,,,,,,
Sam,ATL,700,,,9/30/2021 17:28,133,941,-76.9,-29.7,47.2,,,,,,,
Sam,ATL,700,,,9/30/2021 19:12,133,938,-71.4,-28.8,42.7,,,,,,,
Sam,ATL,700,,,10/1/2021 5:06,147,937,-69.4,-26.5,42.9,,,,,,,
Sam,ATL,700,,,10/1/2021 6:37,147,935,-68.5,-26.4,42.1,,,,,,,
Sam,ATL,700,,,10/1/2021 15:39,152,939,-71.7,-26.8,44.9,,,,,,,
Sam,ATL,700,,,10/1/2021 17:22,152,937,-69.8,-27.2,42.6,,,,,,,
Sam,ATL,700,,,10/2/2021 3:05,122,945,-69.2,-30,39.2,,,,,,,
Sam,ATL,700,,,10/2/2021 4:36,130,945,-67.7,-37.1,30.6,,,,,,,
Earl...,,,,,,,,,,,,,,,,,
Fiona...,,,,,,,,,,,,,,,,,
Ian,ATL,700,21.29,32,9/27/2022 2:41,101,965,,,,,,,,,,32
Ian,ATL,700,21.38,22,9/27/2022 3:56,96,961,,,,,,,,,,22
Ian,ATL,700,22.4,20,9/27/2022 10:24,105,947,,,,,,,,,,20
Ian,ATL,700,22.57,20,9/27/2022 11:42,105,953,,,,,,,,,,20
Ian,ATL,700,22.68,20,9/27/2022 12:34,105,957,,,,,,,,,,20
Ian,ATL,700,22.93,18,9/27/2022 14:27,94,963,,,,,,,,,,18
Ian,ATL,700,23.13,19,9/27/2022 15:46,107,961,,,,,,,,,,19
Ian,ATL,700,23.36,18,9/27/2022 17:07,109,957,,,,,,,,,,18
Ian,ATL,700,23.57,19,9/27/2022 18:19,110,954,,,,,,,,,,19
Ian,ATL,700,24.68,30,9/28/2022 2:05,117,952,,,,,,,,,,30
Ian,ATL,700,24.88,30,9/28/2022 3:23,118,954,,,,,,,,,,30
Ian,ATL,700,24.16,18,9/27/2022 22:01,96,949,,,,,,,,,,18
Ian,ATL,700,25.6,34,9/28/2022 8:14,141,943,-83.8,-40.1,43.8,,,,,,,34
Ian,ATL,700,25.69,34,9/28/2022 9:01,141,942,-83.4,-37.5,46,,,,,,,34
Ian,ATL,700,25.8,34,9/28/2022 10:19,143,938,-82.1,-33.4,48.7,,,,,,,34
Ian,ATL,700,26.01,30,9/28/2023 12:10,144,937,-77.8,-43.9,33.9,,,,,,,30
Ian*,ATL,N/A,25.79,20,9/28/2023 10:23,160,940,,,,,,,,,,20
Ian,ATL,700,26.51,34,9/28/2023 17:17,136,938,-73.1,-34.6,38.6,,,,,,,34
Ian,ATL,700,26.59,34,9/28/2023 18:04,133,939,-75.6,-33.8,41.9,,,,,,,34
Ian,ATL,700,26.69,34,9/28/2023 19:03,117,942,-75.1,-36.4,38.7,,,,,,,34
Hector,EPAC,700,,,8/6/2018 17:39,146,938,,,,,,,,,,
Hector...,,,,,,,,,,,,,,,,,
Lane...,,,,,,,,,,,,,,,,,
Lane,EPAC,700,,,8/21/2018 17:25,141,942,,,,,,,,,,
Lane,EPAC,700,,,8/21/2018 19:10,143,942,,,,,,,,,,
Lane,EPAC,700,,,8/21/2018 20:48,143,936,,,,,,,,,,
Lane,EPAC,700,,,8/21/2018 22:37,146,930,,,,,,,,,,
Lane,EPAC,700,,,8/22/2018 3:53,145,927,,,,,,,,,,
Lane,EPAC,700,,,8/22/2018 6:07,145,932,,,,,,,,,,
Lane,EPAC,700,,,8/22/2018 7:16,145,936,,,,,,,,,,
Lane,EPAC,700,,,8/22/2018 5:20,140,930,,,,,,,,,,
Lane,EPAC,700,,,8/22/2018 7:05,140,933,,,,,,,,,,
Lane,EPAC,700,,,8/22/2018 8:52,132,937,,,,,,,,,,
Lane,EPAC,700,,,8/22/2018 10:35,134,938,,,,,,,,,,
Lane...,,,,,,,,,,,,,,,,,
Willa...,,,,,,,,,,,,,,,,,
Douglas...,,,,,,,,,,,,,,,,,
Agatha...,,,,,,,,,,,,,,,,,
Orlene,EPAC,700,19.98,22,10/2/2022 17:45,96,974,-76.9,-65.9,10.9,,,,,,,22
Roslyn,EPAC,700,18.36,20,10/22/2022 17:29,110,956,-78.4,-41.7,36.8,,,,,,,20
Roslyn,EPAC,700,18.61,20,10/22/2022 19:05,124,954,-77.5,-64.8,12.6,,,,,,,20
Roslyn,EPAC,700,20.35,20,10/23/2022 5:25,120,958,-79.1,-61.4,17.7,,,,,,,20
Roslyn,EPAC,700,20.66,20,10/23/2022 6:53,119,959,-79.5,-64.3,15.2,,,,,,,20
,,,,,,,,,,,,,,,,,
,,,,,,,,,,,,,,,,,
,,,,,,,,,,,,,,,,,
,,,,,,,,,,,,,,,,,
,,,,,,,,,,,,,,,,,
,,,,,,,,,,,,,,,,,
,,,,,,,,,,,,,,,,,
,,,,,,,,,,,,,,,,,
,,,,,,,,,,,,,,,,,
,,,,,,,,,,,,,,,,,
,,,,,,,,,,,,,,,,,
,,,,,,,,,,,,,,,,,
,,,,,,,,,,,,,,,,,
,,,,,,,,,,,,,,,,,
,,,,,,,,,,,,,,,,,
,,,,,,,,,,,,,,,,,
,,,,,,,,,,,,,,,,,
,,,,,,,,,,,,,,,,,
,,,,,,,,,,,,,,,,,
,,,,,,,,,,,,,,,,,
,,,,,,,,,,,,,,,,,
,,,,,,,,,,,,,,,,,
,,,,,,,,,,,,,,,,,
,,,,,,,,,,,,,,,,,
,,,,,,,,,,,,,,,,,
,,,,,,,,,,,,,,,,,
,,,,,,,,,,,,,,,,,
,,,,,,,,,,,,,,,,,
,,,,,,,,,,,,,,,,,
,,,,,,,,,,,,,,,,,
,,,,,,,,,,,,,,,,,
,,,,,,,,,,,,,,,,,
,,,,,,,,,,,,,,,,,
,,,,,,,,,,,,,,,,,
,,,,,,,,,,,,,,,,,
,,,,,,,,,,,,,,,,,
,,,,,,,,,,,,,,,,,
,,,,,,,,,,,,,,,,,
,,,,,,,,,,,,,,,,,
,,,,,,,,,,,,,,,,,
,,,,,,,,,,,,,,,,,
,,,,,,,,,,,,,,,,,
,,,,,,,,,,,,,,,,,
,,,,,,,,,,,,,,,,,
,,,,,,,,,,,,,,,,,
,,,,,,,,,,,,,,,,,
,,,,,,,,,,,,,,,,,
,,,,,,,,,,,,,,,,,
,,,,,,,,,,,,,,,,,
,,,,,,,,,,,,,,,,,
,,,,,,,,,,,,,,,,,
,,,,,,,,,,,,,,,,,
,,,,,,,,,,,,,,,,,
,,,,,,,,,,,,,,,,,
,,,,,,,,,,,,,,,,,
,,,,,,,,,,,,,,,,,
,,,,,,,,,,,,,,,,,
,,,,,,,,,,,,,,,,,
,,,,,,,,,,,,,,,,,
,,,,,,,,,,,,,,,,,
,,,,,,,,,,,,,,,,,
,,,,,,,,,,,,,,,,,
,,,,,,,,,,,,,,,,,
,,,,,,,,,,,,,,,,,
,,,,,,,,,,,,,,,,,
,,,,,,,,,,,,,,,,,
,,,,,,,,,,,,,,,,,
,,,,,,,,,,,,,,,,,
,,,,,,,,,,,,,,,,,
,,,,,,,,,,,,,,,,,
,,,,,,,,,,,,,,,,,
,,,,,,,,,,,,,,,,,
,,,,,,,,,,,,,,,,,
,,,,,,,,,,,,,,,,,
,,,,,,,,,,,,,,,,,
,,,,,,,,,,,,,,,,,
,,,,,,,,,,,,,,,,,
,,,,,,,,,,,,,,,,,
,,,,,,,,,,,,,,,,,
,,,,,,,,,,,,,,,,,
,,,,,,,,,,,,,,,,,
,,,,,,,,,,,,,,,,,
,,,,,,,,,,,,,,,,,
,,,,,,,,,,,,,,,,,
,,,,,,,,,,,,,,,,,
,,,,,,,,,,,,,,,,,
,,,,,,,,,,,,,,,,,
,,,,,,,,,,,,,,,,,
,,,,,,,,,,,,,,,,,
,,,,,,,,,,,,,,,,,
,,,,,,,,,,,,,,,,,
,,,,,,,,,,,,,,,,,
,,,,,,,,,,,,,,,,,
,,,,,,,,,,,,,,,,,
,,,,,,,,,,,,,,,,,
,,,,,,,,,,,,,,,,,
,,,,,,,,,,,,,,,,,
,,,,,,,,,,,,,,,,,
,,,,,,,,,,,,,,,,,
,,,,,,,,,,,,,,,,,
,,,,,,,,,,,,,,,,,
,,,,,,,,,,,,,,,,,
,,,,,,,,,,,,,,,,,
,,,,,,,,,,,,,,,,,
,,,,,,,,,,,,,,,,,
,,,,,,,,,,,,,,,,,
,,,,,,,,,,,,,,,,,
,,,,,,,,,,,,,,,,,
,,,,,,,,,,,,,,,,,
,,,,,,,,,,,,,,,,,
,,,,,,,,,,,,,,,,,
,,,,,,,,,,,,,,,,,
,,,,,,,,,,,,,,,,,
,,,,,,,,,,,,,,,,,
,,,,,,,,,,,,,,,,,
,,,,,,,,,,,,,,,,,
,,,,,,,,,,,,,,,,,
,,,,,,,,,,,,,,,,,
,,,,,,,,,,,,,,,,,
,,,,,,,,,,,,,,,,,
,,,,,,,,,,,,,,,,,
,,,,,,,,,,,,,,,,,
,,,,,,,,,,,,,,,,,
,,,,,,,,,,,,,,,,,
,,,,,,,,,,,,,,,,,
,,,,,,,,,,,,,,,,,
,,,,,,,,,,,,,,,,,
,,,,,,,,,,,,,,,,,
,,,,,,,,,,,,,,,,,
,,,,,,,,,,,,,,,,,
,,,,,,,,,,,,,,,,,
,,,,,,,,,,,,,,,,,
,,,,,,,,,,,,,,,,,
,,,,,,,,,,,,,,,,,
,,,,,,,,,,,,,,,,,
,,,,,,,,,,,,,,,,,
,,,,,,,,,,,,,,,,,
,,,,,,,,,,,,,,,,,
,,,,,,,,,,,,,,,,,
,,,,,,,,,,,,,,,,,
,,,,,,,,,,,,,,,,,
,,,,,,,,,,,,,,,,,
,,,,,,,,,,,,,,,,,
,,,,,,,,,,,,,,,,,
,,,,,,,,,,,,,,,,,
,,,,,,,,,,,,,,,,,
,,,,,,,,,,,,,,,,,
,,,,,,,,,,,,,,,,,
,,,,,,,,,,,,,,,,,
,,,,,,,,,,,,,,,,,
,,,,,,,,,,,,,,,,,
,,,,,,,,,,,,,,,,,
,,,,,,,,,,,,,,,,,
,,,,,,,,,,,,,,,,,
,,,,,,,,,,,,,,,,,
,,,,,,,,,,,,,,,,,
,,,,,,,,,,,,,,,,,
,,,,,,,,,,,,,,,,,
,,,,,,,,,,,,,,,,,
,,,,,,,,,,,,,,,,,
,,,,,,,,,,,,,,,,,
,,,,,,,,,,,,,,,,,
,,,,,,,,,,,,,,,,,
,,,,,,,,,,,,,,,,,
,,,,,,,,,,,,,,,,,
,,,,,,,,,,,,,,,,,
,,,,,,,,,,,,,,,,,
,,,,,,,,,,,,,,,,,
,,,,,,,,,,,,,,,,,
,,,,,,,,,,,,,,,,,
,,,,,,,,,,,,,,,,,
,,,,,,,,,,,,,,,,,
,,,,,,,,,,,,,,,,,
,,,,,,,,,,,,,,,,,
,,,,,,,,,,,,,,,,,
,,,,,,,,,,,,,,,,,
,,,,,,,,,,,,,,,,,
,,,,,,,,,,,,,,,,,
,,,,,,,,,,,,,,,,,
,,,,,,,,,,,,,,,,,
,,,,,,,,,,,,,,,,,
,,,,,,,,,,,,,,,,,
,,,,,,,,,,,,,,,,,
,,,,,,,,,,,,,,,,,
,,,,,,,,,,,,,,,,,
,,,,,,,,,,,,,,,,,
,,,,,,,,,,,,,,,,,
,,,,,,,,,,,,,,,,,
,,,,,,,,,,,,,,,,,
,,,,,,,,,,,,,,,,,
,,,,,,,,,,,,,,,,,
,,,,,,,,,,,,,,,,,
,,,,,,,,,,,,,,,,,
,,,,,,,,,,,,,,,,,
,,,,,,,,,,,,,,,,,
,,,,,,,,,,,,,,,,,
,,,,,,,,,,,,,,,,,
,,,,,,,,,,,,,,,,,
,,,,,,,,,,,,,,,,,
,,,,,,,,,,,,,,,,,
,,,,,,,,,,,,,,,,,
,,,,,,,,,,,,,,,,,
,,,,,,,,,,,,,,,,,
,,,,,,,,,,,,,,,,,
,,,,,,,,,,,,,,,,,
,,,,,,,,,,,,,,,,,
,,,,,,,,,,,,,,,,,
,,,,,,,,,,,,,,,,,
,,,,,,,,,,,,,,,,,
,,,,,,,,,,,,,,,,,
,,,,,,,,,,,,,,,,,
,,,,,,,,,,,,,,,,,
,,,,,,,,,,,,,,,,,
,,,,,,,,,,,,,,,,,
,,,,,,,,,,,,,,,,,
,,,,,,,,,,,,,,,,,
,,,,,,,,,,,,,,,,,
,,,,,,,,,,,,,,,,,
,,,,,,,,,,,,,,,,,
,,,,,,,,,,,,,,,,,
,,,,,,,,,,,,,,,,,
,,,,,,,,,,,,,,,,,
,,,,,,,,,,,,,,,,,
,,,,,,,,,,,,,,,,,
,,,,,,,,,,,,,,,,,
,,,,,,,,,,,,,,,,,
,,,,,,,,,,,,,,,,,
,,,,,,,,,,,,,,,,,
,,,,,,,,,,,,,,,,,
,,,,,,,,,,,,,,,,,
,,,,,,,,,,,,,,,,,
,,,,,,,,,,,,,,,,,
,,,,,,,,,,,,,,,,,
,,,,,,,,,,,,,,,,,
,,,,,,,,,,,,,,,,,
,,,,,,,,,,,,,,,,,
,,,,,,,,,,,,,,,,,
,,,,,,,,,,,,,,,,,
,,,,,,,,,,,,,,,,,
,,,,,,,,,,,,,,,,,
,,,,,,,,,,,,,,,,,
,,,,,,,,,,,,,,,,,
,,,,,,,,,,,,,,,,,
,,,,,,,,,,,,,,,,,
,,,,,,,,,,,,,,,,,
,,,,,,,,,,,,,,,,,
,,,,,,,,,,,,,,,,,
,,,,,,,,,,,,,,,,,
,,,,,,,,,,,,,,,,,
,,,,,,,,,,,,,,,,,
,,,,,,,,,,,,,,,,,
,,,,,,,,,,,,,,,,,
,,,,,,,,,,,,,,,,,
,,,,,,,,,,,,,,,,,
,,,,,,,,,,,,,,,,,
,,,,,,,,,,,,,,,,,
,,,,,,,,,,,,,,,,,
,,,,,,,,,,,,,,,,,
,,,,,,,,,,,,,,,,,
,,,,,,,,,,,,,,,,,
,,,,,,,,,,,,,,,,,
,,,,,,,,,,,,,,,,,
,,,,,,,,,,,,,,,,,
,,,,,,,,,,,,,,,,,
,,,,,,,,,,,,,,,,,
,,,,,,,,,,,,,,,,,
,,,,,,,,,,,,,,,,,
,,,,,,,,,,,,,,,,,
,,,,,,,,,,,,,,,,,
,,,,,,,,,,,,,,,,,
,,,,,,,,,,,,,,,,,
,,,,,,,,,,,,,,,,,
,,,,,,,,,,,,,,,,,
,,,,,,,,,,,,,,,,,
,,,,,,,,,,,,,,,,,
,,,,,,,,,,,,,,,,,
,,,,,,,,,,,,,,,,,
,,,,,,,,,,,,,,,,,
,,,,,,,,,,,,,,,,,
,,,,,,,,,,,,,,,,,
,,,,,,,,,,,,,,,,,
,,,,,,,,,,,,,,,,,
,,,,,,,,,,,,,,,,,
,,,,,,,,,,,,,,,,,
,,,,,,,,,,,,,,,,,
,,,,,,,,,,,,,,,,,
,,,,,,,,,,,,,,,,,
,,,,,,,,,,,,,,,,,
,,,,,,,,,,,,,,,,,
,,,,,,,,,,,,,,,,,
,,,,,,,,,,,,,,,,,
,,,,,,,,,,,,,,,,,
,,,,,,,,,,,,,,,,,
,,,,,,,,,,,,,,,,,
,,,,,,,,,,,,,,,,,
,,,,,,,,,,,,,,,,,
,,,,,,,,,,,,,,,,,
,,,,,,,,,,,,,,,,,
,,,,,,,,,,,,,,,,,
,,,,,,,,,,,,,,,,,
,,,,,,,,,,,,,,,,,
,,,,,,,,,,,,,,,,,
,,,,,,,,,,,,,,,,,
,,,,,,,,,,,,,,,,,
,,,,,,,,,,,,,,,,,
,,,,,,,,,,,,,,,,,
,,,,,,,,,,,,,,,,,
,,,,,,,,,,,,,,,,,
,,,,,,,,,,,,,,,,,
,,,,,,,,,,,,,,,,,
,,,,,,,,,,,,,,,,,
,,,,,,,,,,,,,,,,,
,,,,,,,,,,,,,,,,,
,,,,,,,,,,,,,,,,,
,,,,,,,,,,,,,,,,,
,,,,,,,,,,,,,,,,,
,,,,,,,,,,,,,,,,,
,,,,,,,,,,,,,,,,,
,,,,,,,,,,,,,,,,,
,,,,,,,,,,,,,,,,,
,,,,,,,,,,,,,,,,,
,,,,,,,,,,,,,,,,,
,,,,,,,,,,,,,,,,,
,,,,,,,,,,,,,,,,,
,,,,,,,,,,,,,,,,,
,,,,,,,,,,,,,,,,,
,,,,,,,,,,,,,,,,,
,,,,,,,,,,,,,,,,,
,,,,,,,,,,,,,,,,,
,,,,,,,,,,,,,,,,,
,,,,,,,,,,,,,,,,,
,,,,,,,,,,,,,,,,,
,,,,,,,,,,,,,,,,,
,,,,,,,,,,,,,,,,,
,,,,,,,,,,,,,,,,,
,,,,,,,,,,,,,,,,,
,,,,,,,,,,,,,,,,,
,,,,,,,,,,,,,,,,,
,,,,,,,,,,,,,,,,,
,,,,,,,,,,,,,,,,,
,,,,,,,,,,,,,,,,,
,,,,,,,,,,,,,,,,,
,,,,,,,,,,,,,,,,,
,,,,,,,,,,,,,,,,,
,,,,,,,,,,,,,,,,,
,,,,,,,,,,,,,,,,,
,,,,,,,,,,,,,,,,,
,,,,,,,,,,,,,,,,,
,,,,,,,,,,,,,,,,,
,,,,,,,,,,,,,,,,,
,,,,,,,,,,,,,,,,,
,,,,,,,,,,,,,,,,,
,,,,,,,,,,,,,,,,,
,,,,,,,,,,,,,,,,,
,,,,,,,,,,,,,,,,,
,,,,,,,,,,,,,,,,,
,,,,,,,,,,,,,,,,,
,,,,,,,,,,,,,,,,,
,,,,,,,,,,,,,,,,,
,,,,,,,,,,,,,,,,,
,,,,,,,,,,,,,,,,,
,,,,,,,,,,,,,,,,,
,,,,,,,,,,,,,,,,,
,,,,,,,,,,,,,,,,,
,,,,,,,,,,,,,,,,,
,,,,,,,,,,,,,,,,,
,,,,,,,,,,,,,,,,,
,,,,,,,,,,,,,,,,,
,,,,,,,,,,,,,,,,,
,,,,,,,,,,,,,,,,,
,,,,,,,,,,,,,,,,,
,,,,,,,,,,,,,,,,,
,,,,,,,,,,,,,,,,,
,,,,,,,,,,,,,,,,,
,,,,,,,,,,,,,,,,,
,,,,,,,,,,,,,,,,,
,,,,,,,,,,,,,,,,,
,,,,,,,,,,,,,,,,,
,,,,,,,,,,,,,,,,,
,,,,,,,,,,,,,,,,,
,,,,,,,,,,,,,,,,,
,,,,,,,,,,,,,,,,,
,,,,,,,,,,,,,,,,,
,,,,,,,,,,,,,,,,,
,,,,,,,,,,,,,,,,,
,,,,,,,,,,,,,,,,,
,,,,,,,,,,,,,,,,,
,,,,,,,,,,,,,,,,,
,,,,,,,,,,,,,,,,,
,,,,,,,,,,,,,,,,,
,,,,,,,,,,,,,,,,,
,,,,,,,,,,,,,,,,,
,,,,,,,,,,,,,,,,,
,,,,,,,,,,,,,,,,,
,,,,,,,,,,,,,,,,,
,,,,,,,,,,,,,,,,,
,,,,,,,,,,,,,,,,,
,,,,,,,,,,,,,,,,,
,,,,,,,,,,,,,,,,,
,,,,,,,,,,,,,,,,,
,,,,,,,,,,,,,,,,,
,,,,,,,,,,,,,,,,,
,,,,,,,,,,,,,,,,,
,,,,,,,,,,,,,,,,,
,,,,,,,,,,,,,,,,,
,,,,,,,,,,,,,,,,,
,,,,,,,,,,,,,,,,,
,,,,,,,,,,,,,,,,,
,,,,,,,,,,,,,,,,,
,,,,,,,,,,,,,,,,,
,,,,,,,,,,,,,,,,,
,,,,,,,,,,,,,,,,,
,,,,,,,,,,,,,,,,,
,,,,,,,,,,,,,,,,,
,,,,,,,,,,,,,,,,,
,,,,,,,,,,,,,,,,,
,,,,,,,,,,,,,,,,,
,,,,,,,,,,,,,,,,,
,,,,,,,,,,,,,,,,,
,,,,,,,,,,,,,,,,,
,,,,,,,,,,,,,,,,,
,,,,,,,,,,,,,,,,,
,,,,,,,,,,,,,,,,,
,,,,,,,,,,,,,,,,,
,,,,,,,,,,,,,,,,,
,,,,,,,,,,,,,,,,,
,,,,,,,,,,,,,,,,,
,,,,,,,,,,,,,,,,,
,,,,,,,,,,,,,,,,,
,,,,,,,,,,,,,,,,,
,,,,,,,,,,,,,,,,,
,,,,,,,,,,,,,,,,,
,,,,,,,,,,,,,,,,,
,,,,,,,,,,,,,,,,,
,,,,,,,,,,,,,,,,,
,,,,,,,,,,,,,,,,,
,,,,,,,,,,,,,,,,,
,,,,,,,,,,,,,,,,,
,,,,,,,,,,,,,,,,,
,,,,,,,,,,,,,,,,,
,,,,,,,,,,,,,,,,,
,,,,,,,,,,,,,,,,,
,,,,,,,,,,,,,,,,,
,,,,,,,,,,,,,,,,,
,,,,,,,,,,,,,,,,,
,,,,,,,,,,,,,,,,,
,,,,,,,,,,,,,,,,,
,,,,,,,,,,,,,,,,,
,,,,,,,,,,,,,,,,,
,,,,,,,,,,,,,,,,,
,,,,,,,,,,,,,,,,,
,,,,,,,,,,,,,,,,,
,,,,,,,,,,,,,,,,,
,,,,,,,,,,,,,,,,,
,,,,,,,,,,,,,,,,,
,,,,,,,,,,,,,,,,,
,,,,,,,,,,,,,,,,,
,,,,,,,,,,,,,,,,,
,,,,,,,,,,,,,,,,,
,,,,,,,,,,,,,,,,,
,,,,,,,,,,,,,,,,,
,,,,,,,,,,,,,,,,,
,,,,,,,,,,,,,,,,,
,,,,,,,,,,,,,,,,,
,,,,,,,,,,,,,,,,,
,,,,,,,,,,,,,,,,,
,,,,,,,,,,,,,,,,,
,,,,,,,,,,,,,,,,,
,,,,,,,,,,,,,,,,,
,,,,,,,,,,,,,,,,,
,,,,,,,,,,,,,,,,,
,,,,,,,,,,,,,,,,,
,,,,,,,,,,,,,,,,,
,,,,,,,,,,,,,,,,,
,,,,,,,,,,,,,,,,,
,,,,,,,,,,,,,,,,,
,,,,,,,,,,,,,,,,,
,,,,,,,,,,,,,,,,,
,,,,,,,,,,,,,,,,,
,,,,,,,,,,,,,,,,,
,,,,,,,,,,,,,,,,,
,,,,,,,,,,,,,,,,,
,,,,,,,,,,,,,,,,,
,,,,,,,,,,,,,,,,,
,,,,,,,,,,,,,,,,,
,,,,,,,,,,,,,,,,,
,,,,,,,,,,,,,,,,,
,,,,,,,,,,,,,,,,,
,,,,,,,,,,,,,,,,,
,,,,,,,,,,,,,,,,,
,,,,,,,,,,,,,,,,,
,,,,,,,,,,,,,,,,,
,,,,,,,,,,,,,,,,,
,,,,,,,,,,,,,,,,,
,,,,,,,,,,,,,,,,,
,,,,,,,,,,,,,,,,,
,,,,,,,,,,,,,,,,,
,,,,,,,,,,,,,,,,,
,,,,,,,,,,,,,,,,,
,,,,,,,,,,,,,,,,,
,,,,,,,,,,,,,,,,,
,,,,,,,,,,,,,,,,,
,,,,,,,,,,,,,,,,,
,,,,,,,,,,,,,,,,,
,,,,,,,,,,,,,,,,,
,,,,,,,,,,,,,,,,,
,,,,,,,,,,,,,,,,,
,,,,,,,,,,,,,,,,,
,,,,,,,,,,,,,,,,,
,,,,,,,,,,,,,,,,,
,,,,,,,,,,,,,,,,,
,,,,,,,,,,,,,,,,,
,,,,,,,,,,,,,,,,,
,,,,,,,,,,,,,,,,,
,,,,,,,,,,,,,,,,,
,,,,,,,,,,,,,,,,,
,,,,,,,,,,,,,,,,,
,,,,,,,,,,,,,,,,,
,,,,,,,,,,,,,,,,,
,,,,,,,,,,,,,,,,,
,,,,,,,,,,,,,,,,,
,,,,,,,,,,,,,,,,,
,,,,,,,,,,,,,,,,,
,,,,,,,,,,,,,,,,,
,,,,,,,,,,,,,,,,,
,,,,,,,,,,,,,,,,,
,,,,,,,,,,,,,,,,,
,,,,,,,,,,,,,,,,,
,,,,,,,,,,,,,,,,,
,,,,,,,,,,,,,,,,,
,,,,,,,,,,,,,,,,,
,,,,,,,,,,,,,,,,,
,,,,,,,,,,,,,,,,,
,,,,,,,,,,,,,,,,,
,,,,,,,,,,,,,,,,,
,,,,,,,,,,,,,,,,,
,,,,,,,,,,,,,,,,,
,,,,,,,,,,,,,,,,,
,,,,,,,,,,,,,,,,,
,,,,,,,,,,,,,,,,,
,,,,,,,,,,,,,,,,,
,,,,,,,,,,,,,,,,,
,,,,,,,,,,,,,,,,,
,,,,,,,,,,,,,,,,,
,,,,,,,,,,,,,,,,,
,,,,,,,,,,,,,,,,,
,,,,,,,,,,,,,,,,,
,,,,,,,,,,,,,,,,,
,,,,,,,,,,,,,,,,,
,,,,,,,,,,,,,,,,,
,,,,,,,,,,,,,,,,,
,,,,,,,,,,,,,,,,,
,,,,,,,,,,,,,,,,,
,,,,,,,,,,,,,,,,,
,,,,,,,,,,,,,,,,,
,,,,,,,,,,,,,,,,,
,,,,,,,,,,,,,,,,,
,,,,,,,,,,,,,,,,,
,,,,,,,,,,,,,,,,,
,,,,,,,,,,,,,,,,,
,,,,,,,,,,,,,,,,,
,,,,,,,,,,,,,,,,,
,,,,,,,,,,,,,,,,,
,,,,,,,,,,,,,,,,,
,,,,,,,,,,,,,,,,,
,,,,,,,,,,,,,,,,,
,,,,,,,,,,,,,,,,,
,,,,,,,,,,,,,,,,,
,,,,,,,,,,,,,,,,,
,,,,,,,,,,,,,,,,,
,,,,,,,,,,,,,,,,,
,,,,,,,,,,,,,,,,,
,,,,,,,,,,,,,,,,,
,,,,,,,,,,,,,,,,,
,,,,,,,,,,,,,,,,,
,,,,,,,,,,,,,,,,,
,,,,,,,,,,,,,,,,,
,,,,,,,,,,,,,,,,,
,,,,,,,,,,,,,,,,,
,,,,,,,,,,,,,,,,,
,,,,,,,,,,,,,,,,,
,,,,,,,,,,,,,,,,,
,,,,,,,,,,,,,,,,,
,,,,,,,,,,,,,,,,,
,,,,,,,,,,,,,,,,,
,,,,,,,,,,,,,,,,,
,,,,,,,,,,,,,,,,,
,,,,,,,,,,,,,,,,,
,,,,,,,,,,,,,,,,,
,,,,,,,,,,,,,,,,,
,,,,,,,,,,,,,,,,,
,,,,,,,,,,,,,,,,,
,,,,,,,,,,,,,,,,,
,,,,,,,,,,,,,,,,,
,,,,,,,,,,,,,,,,,
,,,,,,,,,,,,,,,,,
,,,,,,,,,,,,,,,,,
,,,,,,,,,,,,,,,,,
,,,,,,,,,,,,,,,,,
,,,,,,,,,,,,,,,,,
,,,,,,,,,,,,,,,,,
,,,,,,,,,,,,,,,,,
,,,,,,,,,,,,,,,,,
,,,,,,,,,,,,,,,,,
,,,,,,,,,,,,,,,,,
,,,,,,,,,,,,,,,,,
,,,,,,,,,,,,,,,,,
,,,,,,,,,,,,,,,,,
,,,,,,,,,,,,,,,,,
,,,,,,,,,,,,,,,,,
,,,,,,,,,,,,,,,,,
,,,,,,,,,,,,,,,,,
,,,,,,,,,,,,,,,,,
,,,,,,,,,,,,,,,,,
,,,,,,,,,,,,,,,,,
,,,,,,,,,,,,,,,,,
,,,,,,,,,,,,,,,,,
,,,,,,,,,,,,,,,,,
,,,,,,,,,,,,,,,,,
,,,,,,,,,,,,,,,,,
,,,,,,,,,,,,,,,,,
